{
    "temp": [
      56,
      96,
      136,
      176,
      216,
      256,
      296,
      336,
      376,
      416,
      456,
      457,
      496,
      536,
      576,
      616,
      656,
      676,
      696,
      716,
      736,
      738,
      740,
      742,
      744,
      746,
      748,
      750,
      752,
      754,
      756,
      758,
      760,
      762,
      764,
      766,
      772,
      776,
      786,
      796,
      806,
      816,
      826,
      836,
      846,
      856,
      866,
      876,
      886,
      896,
      906,
      916,
      925,
      936,
      956,
      976,
      996,
      1016,
      1036,
      1056,
      1076,
      1096,
      1116,
      1136,
      1156,
      1176,
      1196,
      1216,
      1236,
      1256,
      1276,
      1296,
      1316,
      1336,
      1356,
      1376,
      1396,
      1406,
      1416,
      1426,
      1436,
      1446,
      1456,
      1466,
      1476,
      1486,
      1494,
      1495,
      1496,
      1506,
      1513,
      1525,
      1550
    ],
    "cp": [
      0.44864,
      0.48848,
      0.50558,
      0.52015,
      0.53904,
      0.54853,
      0.56379,
      0.57672,
      0.59056,
      0.60479,
      0.62379,
      0.62522,
      0.64876,
      0.67919,
      0.69786,
      0.73987,
      0.77636,
      0.79818,
      0.83678,
      0.89626,
      0.98292,
      1.01375,
      1.07614,
      1.16999,
      1.25494,
      1.28418,
      1.2688,
      1.23879,
      1.21294,
      1.19164,
      1.17765,
      1.17013,
      1.15082,
      1.1315,
      1.11219,
      1.09287,
      1.03493,
      0.97057,
      0.88686,
      0.85555,
      0.83428,
      0.81781,
      0.809,
      0.80382,
      0.778766,
      0.753712,
      0.728658,
      0.703604,
      0.67855,
      0.653496,
      0.628443,
      0.603388,
      0.58084,
      0.57921,
      0.57698,
      0.57939,
      0.57989,
      0.58194,
      0.58437,
      0.58268,
      0.58857,
      0.58975,
      0.59131,
      0.5882,
      0.59652,
      0.59972,
      0.6011,
      0.60011,
      0.59828,
      0.59544,
      0.59577,
      0.59939,
      0.60302,
      0.59564,
      0.59826,
      0.59576,
      0.59457,
      0.59995,
      0.603559,
      0.607168,
      0.610777,
      0.614386,
      0.617995,
      0.621605,
      0.625214,
      0.628823,
      0.63171,
      0.63665,
      0.63665,
      0.63665,
      0.63665,
      0.63665,
      0.63665
    ],
    "phases": [
      {
        "active": true,
        "function": "gauss",
        "t_start": 10,
        "t_stop": 20,
        "q": 500
      },
      {
        "active": false,
        "function": "gauss",
        "t_start": 10,
        "t_stop": 260,
        "q": 5200
      },
      {
        "active": true,
        "function": "triangle",
        "t_start": 30,
        "t_stop": 60,
        "q": 200
      },
      {
        "active": true,
        "function": "median",
        "t_start": 800,
        "t_stop": 1220,
        "q": 7000
      }
    ]
  }